Open Date,Close Date,Symbol,Action,Units/Lots,SL,TP,Open Price,Close Price,Commission,Swap,Pips,Profit,Gain,Duration (DD:HH:MM:SS),Profitable(%),Profitable(time duration),Drawdown,Risk:Reward,Max(pips),Max(EUR),Min(pips),Min(EUR),Entry Accuracy(%),Exit Accuracy(%),ProfitMissed(pips),ProfitMissed(EUR)
07/31/2025 13:58,07/31/2025 14:00,XAUUSD,Buy,1.360,0.00000,0.00000,3295.61000,3296.46000,-13.6000,0.0000,85.0,87.45,0.27,00:00:02:01,,,,,,,,,,,,
07/31/2025 13:56,07/31/2025 14:00,XAUUSD,Buy,1.360,0.00000,0.00000,3296.22000,3296.52000,-13.6000,0.0000,30.0,22.06,0.07,00:00:04:01,100.0,4m,600.0,0.00,630.0,749.6999999999999,0.0,0.0,100.0,4.8,-600.00,-714.00
07/31/2025 13:55,07/31/2025 14:00,XAUUSD,Buy,1.360,0.00000,0.00000,3296.47000,3296.56000,-13.6000,0.0000,9.0,-2.90,-0.01,00:00:05:01,100.0,5m,763.0,0.00,772.0,918.68,0.0,0.0,100.0,1.2,-763.00,-907.97
07/31/2025 13:59,07/31/2025 14:00,XAUUSD,Buy,1.360,0.00000,0.00000,3295.21000,3296.57000,-13.6000,0.0000,136.0,148.07,0.46,00:00:01:00,,,,,,,,,,,,
07/29/2025 11:19,07/29/2025 11:22,XAUUSD,Sell,1.360,0.00000,0.00000,3327.38000,3326.86000,-13.6000,0.0000,52.0,47.55,0.15,00:00:03:36,,,,,,,,,,,,
07/29/2025 11:20,07/29/2025 11:22,XAUUSD,Sell,1.360,0.00000,0.00000,3329.48000,3326.95000,-13.6000,0.0000,253.0,283.91,0.89,00:00:02:35,,,,,,,,,,,,
07/28/2025 17:00,07/28/2025 17:00,XAUUSD,Buy,1.360,0.00000,0.00000,3302.40000,3305.44000,-13.6000,0.0000,304.0,341.74,1.08,00:00:00:39,,,,,,,,,,,,
07/24/2025 12:33,07/24/2025 12:33,XAUUSD,Buy,1.360,0.00000,0.00000,3362.44000,3363.62000,-13.6000,0.0000,118.0,122.94,0.39,00:00:00:57,,,,,,,,,,,,
07/24/2025 12:32,07/24/2025 12:33,XAUUSD,Buy,1.360,0.00000,0.00000,3362.84000,3363.76000,-13.6000,0.0000,92.0,92.85,0.30,00:00:01:57,,,,,,,,,,,,
07/24/2025 12:31,07/24/2025 12:33,XAUUSD,Buy,1.360,0.00000,0.00000,3363.00000,3363.78000,-13.6000,0.0000,78.0,76.65,0.25,00:00:02:57,,,,,,,,,,,,
07/24/2025 12:30,07/24/2025 12:33,XAUUSD,Buy,1.360,0.00000,0.00000,3363.22000,3363.78000,-13.6000,0.0000,56.0,51.20,0.16,00:00:03:57,,,,,,,,,,,,
07/21/2025 03:29,07/21/2025 03:53,XAUUSD,Sell,1.360,0.00000,0.00000,3351.50000,3352.52000,-13.6000,0.0000,-102.0,-132.95,-0.42,00:00:24:48,20.0,4m,108.0,17.01,6.0,7.02,-102.0,-119.33999999999999,5.6,0.0,-108.00,-126.36
07/21/2025 03:28,07/21/2025 03:53,XAUUSD,Sell,1.360,0.00000,0.00000,3351.04000,3352.52000,-13.6000,0.0000,-148.0,-186.78,-0.59,00:00:25:48,0.0,0s,148.0,149.25,0.0,0.0,-148.0,-173.16,0.0,0.0,-148.00,-173.16
07/21/2025 03:37,07/21/2025 03:53,XAUUSD,Sell,1.360,0.00000,0.00000,3353.58000,3352.50000,-13.6000,0.0000,108.0,112.76,0.36,00:00:16:47,,,,,,,,,,,,
07/21/2025 03:36,07/21/2025 03:53,XAUUSD,Sell,1.360,0.00000,0.00000,3353.37000,3352.50000,-13.6000,0.0000,87.0,88.19,0.28,00:00:17:47,,,,,,,,,,,,
07/21/2025 03:35,07/21/2025 03:53,XAUUSD,Sell,1.360,0.00000,0.00000,3352.98000,3352.50000,-13.6000,0.0000,48.0,42.56,0.14,00:00:18:47,,,,,,,,,,,,
07/21/2025 03:31,07/21/2025 03:53,XAUUSD,Sell,1.360,0.00000,0.00000,3352.52000,3352.50000,-13.6000,0.0000,2.0,-11.26,-0.04,00:00:22:47,100.0,22m,106.0,0.01,108.0,126.35999999999999,0.0,0.0,100.0,1.9,-106.00,-124.02
07/21/2025 03:30,07/21/2025 03:53,XAUUSD,Sell,1.360,0.00000,0.00000,3351.78000,3352.50000,-13.6000,0.0000,-72.0,-97.85,-0.31,00:00:23:47,40.0,9m,106.0,2.12,34.0,39.78,-72.0,-84.24,32.1,0.0,-106.00,-124.02
07/21/2025 03:51,07/21/2025 03:53,XAUUSD,Sell,1.360,0.00000,0.00000,3354.56000,3352.63000,-13.6000,0.0000,193.0,212.21,0.68,00:00:02:46,,,,,,,,,,,,
07/21/2025 03:50,07/21/2025 03:53,XAUUSD,Sell,1.360,0.00000,0.00000,3354.05000,3352.60000,-13.6000,0.0000,145.0,156.05,0.50,00:00:03:46,,,,,,,,,,,,
07/21/2025 03:47,07/21/2025 03:53,XAUUSD,Sell,1.360,0.00000,0.00000,3353.75000,3352.49000,-13.6000,0.0000,126.0,133.82,0.43,00:00:06:46,,,,,,,,,,,,
07/15/2025 08:18,07/15/2025 08:30,XAUUSD,Sell,1.360,0.00000,0.00000,3363.25000,3362.87000,-13.6000,0.0000,38.0,30.64,0.10,00:00:12:05,100.0,12m,546.0,0.00,584.0,677.4399999999999,0.0,0.0,100.0,6.5,-546.00,-633.36
07/15/2025 08:16,07/15/2025 08:30,XAUUSD,Sell,1.360,0.00000,0.00000,3362.90000,3362.99000,-13.6000,0.0000,-9.0,-24.08,-0.08,00:00:14:05,93.4,13m,558.0,0.02,549.0,636.8399999999999,-9.0,-10.44,98.4,0.0,-558.00,-647.28
07/15/2025 08:25,07/15/2025 08:30,XAUUSD,Sell,1.360,0.00000,0.00000,3364.36000,3362.80000,-13.6000,0.0000,156.0,168.01,0.55,00:00:05:04,100.0,5m,539.0,0.00,695.0,806.1999999999999,0.0,0.0,100.0,22.4,-539.00,-625.24
07/15/2025 08:23,07/15/2025 08:30,XAUUSD,Sell,1.360,0.00000,0.00000,3363.42000,3362.79000,-13.6000,0.0000,63.0,59.74,0.20,00:00:07:04,100.0,7m,538.0,0.00,601.0,697.16,0.0,0.0,100.0,10.5,-538.00,-624.08
07/10/2025 08:14,07/10/2025 08:23,XAUUSD,Sell,1.360,0.00000,0.00000,3324.08000,3323.31000,-6.8000,0.0000,77.0,82.42,0.27,00:00:09:46,,,,,,,,,,,,
07/10/2025 08:22,07/10/2025 08:23,XAUUSD,Sell,1.360,0.00000,0.00000,3324.78000,3323.39000,-6.8000,0.0000,139.0,154.25,0.51,00:00:01:45,,,,,,,,,,,,
07/10/2025 08:18,07/10/2025 08:23,XAUUSD,Sell,1.360,0.00000,0.00000,3324.35000,3323.31000,-6.8000,0.0000,104.0,113.70,0.38,00:00:05:45,,,,,,,,,,,,
07/09/2025 05:51,07/09/2025 05:51,XAUUSD,Buy,1.360,0.00000,0.00000,3288.14000,3290.75000,-6.8000,0.0000,261.0,296.40,0.99,00:00:00:27,,,,,,,,,,,,
07/09/2025 05:50,07/09/2025 05:51,XAUUSD,Buy,1.360,0.00000,0.00000,3290.40000,3290.73000,-6.8000,0.0000,33.0,31.54,0.11,00:00:01:27,,,,,,,,,,,,
07/09/2025 05:49,07/09/2025 05:51,XAUUSD,Buy,1.360,0.00000,0.00000,3291.53000,3290.72000,-6.8000,0.0000,-81.0,-100.91,-0.34,00:00:02:27,,,,,,,,,,,,
07/04/2025 12:49,,,Withdrawal,0.000,0.00000,0.00000,0.00000,0.00000,0.0000,0.0000,0.0,-4400.00,0,00:00:00:00,,,,,,,,,,,,
07/03/2025 16:34,,,Withdrawal,0.000,0.00000,0.00000,0.00000,0.00000,0.0000,0.0000,0.0,-10000.00,0,00:00:00:00,,,,,,,,,,,,
07/02/2025 22:02,07/02/2025 22:23,XAUUSD,Sell,2.000,0.00000,0.00000,3355.38000,3356.19000,-10.0000,0.0000,-81.0,-147.33,-0.33,00:00:21:34,0.0,0s,805.0,833.33,0.0,0.0,-805.0,-1368.5,0.0,89.9,-81.00,-137.70
07/02/2025 22:01,07/02/2025 22:23,XAUUSD,Sell,2.000,0.00000,0.00000,3355.13000,3356.19000,-10.0000,0.0000,-106.0,-189.72,-0.42,00:00:22:34,0.0,0s,830.0,833.33,0.0,0.0,-830.0,-1411.0,0.0,87.2,-106.00,-180.20
07/02/2025 21:59,07/02/2025 22:23,XAUUSD,Sell,2.000,0.00000,0.00000,3354.91000,3356.20000,-10.0000,0.0000,-129.0,-228.71,-0.51,00:00:24:34,0.0,0s,852.0,909.09,0.0,0.0,-852.0,-1448.3999999999999,0.0,84.9,-129.00,-219.30
07/02/2025 21:58,07/02/2025 22:23,XAUUSD,Sell,2.000,0.00000,0.00000,3353.96000,3356.20000,-10.0000,0.0000,-224.0,-389.78,-0.86,00:00:25:34,0.0,0s,947.0,1000.00,0.0,0.0,-947.0,-1609.8999999999999,0.0,76.3,-224.00,-380.80
07/02/2025 21:57,07/02/2025 22:23,XAUUSD,Sell,2.000,0.00000,0.00000,3353.06000,3356.19000,-10.0000,0.0000,-313.0,-540.68,-1.18,00:00:26:34,0.0,0s,1037.0,1111.11,0.0,0.0,-1037.0,-1762.8999999999999,0.0,69.8,-313.00,-532.10
07/02/2025 22:09,07/02/2025 22:23,XAUUSD,Sell,2.000,0.00000,0.00000,3356.80000,3356.21000,-10.0000,0.0000,59.0,90.02,0.20,00:00:14:33,6.7,58s,663.0,11.25,59.0,100.3,-663.0,-1127.1,8.2,100.0,0.00,0.00
07/02/2025 22:07,07/02/2025 22:23,XAUUSD,Sell,2.000,0.00000,0.00000,3356.65000,3356.19000,-10.0000,0.0000,46.0,67.98,0.15,00:00:16:33,5.9,58s,678.0,14.75,46.0,78.2,-678.0,-1152.6,6.4,100.0,0.00,0.00
07/02/2025 22:05,07/02/2025 22:23,XAUUSD,Sell,2.000,0.00000,0.00000,3356.30000,3356.19000,-10.0000,0.0000,11.0,8.65,0.02,00:00:18:33,5.3,58s,713.0,64.94,11.0,18.7,-713.0,-1212.1,1.5,100.0,0.00,0.00
07/02/2025 22:04,07/02/2025 22:23,XAUUSD,Sell,2.000,0.00000,0.00000,3355.79000,3356.19000,-10.0000,0.0000,-40.0,-77.82,-0.17,00:00:19:33,0.0,0s,764.0,769.23,0.0,0.0,-764.0,-1298.8,0.0,94.8,-40.00,-68.00
07/01/2025 08:23,07/01/2025 08:40,XAUUSD,Sell,2.000,0.00000,0.00000,3329.54000,3329.99000,-10.0000,0.0000,-45.0,-86.37,-0.19,00:00:17:29,,,,,,,,,,,,
07/01/2025 08:22,07/01/2025 08:40,XAUUSD,Sell,2.000,0.00000,0.00000,3328.99000,3329.99000,-10.0000,0.0000,-100.0,-179.71,-0.39,00:00:18:29,,,,,,,,,,,,
07/01/2025 08:35,07/01/2025 08:40,XAUUSD,Sell,2.000,0.00000,0.00000,3331.56000,3330.00000,-10.0000,0.0000,156.0,254.72,0.56,00:00:05:28,,,,,,,,,,,,
07/01/2025 08:34,07/01/2025 08:40,XAUUSD,Sell,2.000,0.00000,0.00000,3331.17000,3330.01000,-10.0000,0.0000,116.0,186.84,0.41,00:00:06:28,,,,,,,,,,,,
07/01/2025 08:32,07/01/2025 08:40,XAUUSD,Sell,2.000,0.00000,0.00000,3330.19000,3329.98000,-10.0000,0.0000,21.0,25.63,0.06,00:00:08:28,,,,,,,,,,,,
07/01/2025 08:28,07/01/2025 08:40,XAUUSD,Sell,2.000,0.00000,0.00000,3329.81000,3329.99000,-10.0000,0.0000,-18.0,-40.55,-0.09,00:00:12:28,,,,,,,,,,,,
07/01/2025 08:36,07/01/2025 08:40,XAUUSD,Sell,2.000,0.00000,0.00000,3331.89000,3329.91000,-10.0000,0.0000,198.0,325.98,0.72,00:00:04:27,,,,,,,,,,,,
06/30/2025 08:31,06/30/2025 08:33,XAUUSD,Sell,2.000,3287.85000,0.00000,3289.66000,3287.85000,-10.0000,0.0000,181.0,298.46,0.66,00:00:02:02,,,,,,,,,,,,
06/26/2025 10:36,06/26/2025 10:39,XAUUSD,Sell,2.000,0.00000,0.00000,3346.73000,3345.95000,-10.0000,0.0000,78.0,123.39,0.27,00:00:03:38,,,,,,,,,,,,
06/26/2025 05:54,06/26/2025 05:59,XAUUSD,Sell,2.000,3339.40000,0.00000,3341.46000,3339.48000,-10.0000,0.0000,198.0,328.77,0.74,00:00:05:24,100.0,5m,530.0,0.00,728.0,1244.8799999999999,0.0,0.0,100.0,27.2,-530.00,-906.30
06/25/2025 19:48,06/25/2025 19:53,XAUUSD,Sell,2.000,3333.84000,0.00000,3334.58000,3333.99000,-10.0000,0.0000,59.0,91.43,0.21,00:00:05:05,,,,,,,,,,,,
06/24/2025 08:43,06/24/2025 08:45,XAUUSD,Buy,2.000,0.00000,0.00000,3333.29000,3334.39000,-10.0000,0.0000,110.0,179.58,0.41,00:00:02:37,,,,,,,,,,,,
06/24/2025 08:45,06/24/2025 08:45,XAUUSD,Buy,2.000,0.00000,0.00000,3333.14000,3334.34000,-10.0000,0.0000,120.0,196.82,0.45,00:00:00:36,,,,,,,,,,,,
06/24/2025 08:14,06/24/2025 08:16,XAUUSD,Buy,2.000,3343.04000,0.00000,3341.73000,3342.93000,-10.0000,0.0000,120.0,196.81,0.45,00:00:02:04,,,,,,,,,,,,
06/24/2025 08:13,06/24/2025 08:16,XAUUSD,Buy,2.000,3343.04000,0.00000,3343.13000,3342.94000,-10.0000,0.0000,-19.0,-42.75,-0.10,00:00:03:04,,,,,,,,,,,,
06/18/2025 16:25,,,Withdrawal,0.000,0.00000,0.00000,0.00000,0.00000,0.0000,0.0000,0.0,-5000.00,0,00:00:00:00,,,,,,,,,,,,
06/12/2025 10:47,06/12/2025 10:48,XAUUSD,Buy,2.020,0.00000,0.00000,3341.75000,3344.49000,-10.1000,0.0000,274.0,470.56,0.97,00:00:01:24,,,,,,,,,,,,
06/11/2025 21:22,06/11/2025 21:25,XAUUSD,Sell,2.020,3342.20000,0.00000,3343.84000,3342.38000,-10.1000,0.0000,146.0,246.61,0.51,00:00:03:13,,,,,,,,,,,,
06/10/2025 09:38,06/10/2025 09:39,XAUUSD,Sell,2.020,0.00000,0.00000,3330.17000,3327.42000,-10.1000,0.0000,275.0,476.86,1.00,00:00:01:15,,,,,,,,,,,,
06/09/2025 18:30,06/09/2025 18:36,XAUUSD,Sell,2.020,3329.56000,0.00000,3330.60000,3329.70000,-10.1000,0.0000,90.0,149.10,0.31,00:00:06:17,14.3,53s,605.0,6.72,90.0,159.3,-605.0,-1070.85,12.9,100.0,0.00,0.00
06/09/2025 18:28,06/09/2025 18:36,XAUUSD,Sell,2.020,3329.56000,0.00000,3330.18000,3329.70000,-10.1000,0.0000,48.0,74.81,0.16,00:00:08:17,11.2,55s,647.0,13.50,48.0,84.96000000000001,-647.0,-1145.19,6.9,100.0,0.00,0.00
06/05/2025 12:30,06/05/2025 12:31,XAUUSD,Sell,2.020,0.00000,0.00000,3387.85000,3385.55000,-10.1000,0.0000,230.0,396.81,0.84,00:00:01:32,,,,,,,,,,,,
06/05/2025 12:29,06/05/2025 12:31,XAUUSD,Sell,2.020,0.00000,0.00000,3386.03000,3385.42000,-10.1000,0.0000,61.0,97.82,0.21,00:00:02:32,,,,,,,,,,,,
06/04/2025 04:37,06/04/2025 04:41,XAUUSD,Sell,2.020,0.00000,0.00000,3368.25000,3367.37000,-10.1000,0.0000,88.0,145.97,0.31,00:00:04:29,100.0,4m,1106.0,0.00,1194.0,2113.38,0.0,0.0,100.0,7.4,-1106.00,-1957.62
06/04/2025 04:40,06/04/2025 04:41,XAUUSD,Sell,2.020,0.00000,0.00000,3369.34000,3367.33000,-10.1000,0.0000,201.0,346.37,0.74,00:00:01:28,,,,,,,,,,,,
06/02/2025 16:55,06/02/2025 16:58,XAUUSD,Sell,2.020,3373.34000,0.00000,3374.54000,3373.51000,-10.1000,0.0000,103.0,172.06,0.37,00:00:03:08,,,,,,,,,,,,
05/29/2025 13:21,05/29/2025 13:23,XAUUSD,Sell,2.020,0.00000,0.00000,3295.79000,3295.88000,-10.1000,0.0000,-9.0,-26.21,-0.06,00:00:02:59,,,,,,,,,,,,
05/29/2025 13:23,05/29/2025 13:23,XAUUSD,Sell,2.020,0.00000,0.00000,3297.16000,3295.72000,-10.1000,0.0000,144.0,247.56,0.54,00:00:00:58,,,,,,,,,,,,
05/29/2025 13:22,05/29/2025 13:23,XAUUSD,Sell,2.020,0.00000,0.00000,3296.74000,3295.88000,-10.1000,0.0000,86.0,143.78,0.31,00:00:01:58,,,,,,,,,,,,
05/27/2025 08:08,05/27/2025 08:09,XAUUSD,Buy,2.020,0.00000,0.00000,3329.03000,3330.42000,-10.1000,0.0000,139.0,236.77,0.52,00:00:01:55,,,,,,,,,,,,
05/27/2025 08:07,05/27/2025 08:09,XAUUSD,Buy,2.020,0.00000,0.00000,3330.28000,3330.42000,-10.1000,0.0000,14.0,14.76,0.03,00:00:02:55,,,,,,,,,,,,
05/27/2025 07:53,05/27/2025 07:55,XAUUSD,Buy,2.020,3333.83000,0.00000,3332.62000,3333.75000,-10.1000,0.0000,113.0,190.47,0.42,00:00:02:06,,,,,,,,,,,,
05/22/2025 04:31,05/22/2025 04:32,XAUUSD,Sell,2.020,3338.58000,0.00000,3339.52000,3338.81000,-10.1000,0.0000,71.0,116.40,0.26,00:00:01:08,,,,,,,,,,,,
05/20/2025 12:00,05/20/2025 12:03,XAUUSD,Sell,2.020,0.00000,0.00000,3235.90000,3233.14000,-10.1000,0.0000,276.0,485.00,1.08,00:00:03:33,,,,,,,,,,,,
05/20/2025 11:59,05/20/2025 12:03,XAUUSD,Sell,2.020,0.00000,0.00000,3234.16000,3233.14000,-10.1000,0.0000,102.0,172.87,0.39,00:00:04:33,,,,,,,,,,,,
05/20/2025 11:56,05/20/2025 12:03,XAUUSD,Sell,2.020,0.00000,0.00000,3233.15000,3233.14000,-10.1000,0.0000,1.0,-8.31,-0.02,00:00:07:33,,,,,,,,,,,,
05/20/2025 11:55,05/20/2025 12:03,XAUUSD,Sell,2.020,0.00000,0.00000,3230.84000,3233.21000,-10.1000,0.0000,-237.0,-435.29,-0.96,00:00:08:33,,,,,,,,,,,,
05/20/2025 11:53,05/20/2025 12:03,XAUUSD,Sell,2.020,0.00000,0.00000,3230.38000,3233.16000,-10.1000,0.0000,-278.0,-508.85,-1.11,00:00:10:33,,,,,,,,,,,,
05/20/2025 12:01,05/20/2025 12:03,XAUUSD,Sell,2.020,0.00000,0.00000,3236.46000,3233.14000,-10.1000,0.0000,332.0,585.46,1.30,00:00:02:32,,,,,,,,,,,,
05/15/2025 05:43,05/15/2025 05:43,XAUUSD,Buy,2.020,0.00000,0.00000,3155.61000,3157.16000,-10.1000,0.0000,155.0,269.60,0.60,00:00:00:32,,,,,,,,,,,,
05/15/2025 05:42,05/15/2025 05:43,XAUUSD,Buy,2.020,0.00000,0.00000,3156.37000,3157.25000,-10.1000,0.0000,88.0,148.70,0.33,00:00:01:32,,,,,,,,,,,,
05/15/2025 05:41,05/15/2025 05:43,XAUUSD,Buy,2.020,0.00000,0.00000,3157.00000,3157.29000,-10.1000,0.0000,29.0,42.23,0.09,00:00:02:32,,,,,,,,,,,,
05/14/2025 15:02,05/14/2025 15:02,XAUUSD,Buy,2.020,0.00000,0.00000,3218.27000,3220.77000,-10.1000,0.0000,250.0,439.88,0.99,00:00:00:54,,,,,,,,,,,,
05/08/2025 08:17,05/08/2025 08:18,XAUUSD,Buy,1.820,0.00000,0.00000,3371.87000,3374.61000,-9.1000,0.0000,274.0,432.08,0.99,00:00:01:21,,,,,,,,,,,,
05/05/2025 04:13,05/05/2025 04:17,XAUUSD,Sell,1.820,0.00000,0.00000,3257.83000,3258.17000,-9.1000,0.0000,-34.0,-63.71,-0.15,00:00:04:12,,,,,,,,,,,,
05/05/2025 04:16,05/05/2025 04:17,XAUUSD,Sell,1.820,0.00000,0.00000,3260.00000,3258.26000,-9.1000,0.0000,174.0,270.32,0.62,00:00:01:11,,,,,,,,,,,,
05/05/2025 04:15,05/05/2025 04:17,XAUUSD,Sell,1.820,0.00000,0.00000,3259.15000,3258.17000,-9.1000,0.0000,98.0,148.28,0.34,00:00:02:11,,,,,,,,,,,,
05/05/2025 04:14,05/05/2025 04:17,XAUUSD,Sell,1.820,0.00000,0.00000,3258.65000,3258.17000,-9.1000,0.0000,48.0,67.98,0.16,00:00:03:11,,,,,,,,,,,,
05/01/2025 12:59,05/01/2025 13:03,XAUUSD,Buy,1.820,0.00000,0.00000,3216.20000,3219.26000,-9.1000,0.0000,306.0,483.00,1.12,00:00:04:09,,,,,,,,,,,,
05/01/2025 12:58,05/01/2025 13:03,XAUUSD,Buy,1.820,0.00000,0.00000,3218.39000,3219.26000,-9.1000,0.0000,87.0,130.81,0.31,00:00:05:09,,,,,,,,,,,,
05/01/2025 12:57,05/01/2025 13:03,XAUUSD,Buy,1.820,0.00000,0.00000,3219.65000,3219.26000,-9.1000,0.0000,-39.0,-71.83,-0.17,00:00:06:09,,,,,,,,,,,,
05/01/2025 12:56,05/01/2025 13:03,XAUUSD,Buy,1.820,0.00000,0.00000,3219.90000,3219.26000,-9.1000,0.0000,-64.0,-112.04,-0.26,00:00:07:09,,,,,,,,,,,,
04/28/2025 17:41,04/28/2025 17:41,XAUUSD,Sell,1.820,0.00000,0.00000,3330.14000,3327.10000,-9.1000,0.0000,304.0,475.77,1.12,00:00:00:20,,,,,,,,,,,,
04/28/2025 17:40,04/28/2025 17:41,XAUUSD,Sell,1.820,0.00000,0.00000,3327.07000,3327.11000,-9.1000,0.0000,-4.0,-15.48,-0.04,00:00:01:20,,,,,,,,,,,,
04/28/2025 17:39,04/28/2025 17:41,XAUUSD,Sell,1.820,0.00000,0.00000,3325.69000,3327.14000,-9.1000,0.0000,-145.0,-240.41,-0.56,00:00:02:20,,,,,,,,,,,,
04/28/2025 17:26,04/28/2025 17:28,XAUUSD,Sell,1.820,3313.77000,0.00000,3315.10000,3313.98000,-9.1000,0.0000,112.0,170.13,0.40,00:00:02:04,,,,,,,,,,,,
04/24/2025 03:32,04/24/2025 03:32,XAUUSD,Sell,1.820,0.00000,0.00000,3336.64000,3334.06000,-9.1000,0.0000,258.0,405.02,0.96,00:00:00:11,,,,,,,,,,,,
04/16/2025 01:57,04/16/2025 01:58,XAUUSD,Sell,1.820,0.00000,0.00000,3242.07000,3240.78000,-9.1000,0.0000,129.0,198.77,0.47,00:00:01:25,,,,,,,,,,,,
04/16/2025 01:54,04/16/2025 01:58,XAUUSD,Sell,1.820,0.00000,0.00000,3241.77000,3240.70000,-9.1000,0.0000,107.0,163.32,0.39,00:00:04:25,,,,,,,,,,,,
04/16/2025 01:53,04/16/2025 01:58,XAUUSD,Sell,1.820,0.00000,0.00000,3240.92000,3240.70000,-9.1000,0.0000,22.0,26.35,0.06,00:00:05:25,,,,,,,,,,,,
04/14/2025 04:44,04/14/2025 04:46,XAUUSD,Sell,1.820,0.00000,0.00000,3240.26000,3239.11000,-9.1000,0.0000,115.0,174.61,0.42,00:00:02:34,,,,,,,,,,,,
04/14/2025 04:45,04/14/2025 04:46,XAUUSD,Sell,1.820,0.00000,0.00000,3240.73000,3239.08000,-9.1000,0.0000,165.0,254.48,0.61,00:00:01:33,,,,,,,,,,,,
04/09/2025 04:51,04/09/2025 04:54,XAUUSD,Sell,1.820,0.00000,0.00000,3005.57000,3005.21000,-9.1000,0.0000,36.0,50.35,0.12,00:00:03:12,,,,,,,,,,,,
04/09/2025 04:48,04/09/2025 04:54,XAUUSD,Sell,1.820,0.00000,0.00000,3004.09000,3005.22000,-9.1000,0.0000,-113.0,-195.73,-0.47,00:00:06:12,,,,,,,,,,,,
04/09/2025 04:53,04/09/2025 04:54,XAUUSD,Sell,1.820,0.00000,0.00000,3007.53000,3005.18000,-9.1000,0.0000,235.0,378.98,0.92,00:00:01:11,,,,,,,,,,,,
04/09/2025 04:52,04/09/2025 04:54,XAUUSD,Sell,1.820,0.00000,0.00000,3005.88000,3005.19000,-9.1000,0.0000,69.0,104.85,0.26,00:00:02:11,,,,,,,,,,,,
04/03/2025 08:33,04/03/2025 08:34,XAUUSD,Buy,1.820,0.00000,0.00000,3126.69000,3127.59000,-9.1000,0.0000,90.0,140.53,0.34,00:00:01:00,,,,,,,,,,,,
04/02/2025 04:15,04/02/2025 04:16,XAUUSD,Sell,1.820,0.00000,0.00000,3132.47000,3131.68000,-9.1000,0.0000,79.0,124.15,0.30,00:00:01:27,,,,,,,,,,,,
04/02/2025 04:13,04/02/2025 04:16,XAUUSD,Sell,1.820,0.00000,0.00000,3132.09000,3131.68000,-9.1000,0.0000,41.0,60.06,0.15,00:00:03:27,,,,,,,,,,,,
04/02/2025 04:16,04/02/2025 04:16,XAUUSD,Sell,1.820,0.00000,0.00000,3132.75000,3131.68000,-9.1000,0.0000,107.0,171.38,0.42,00:00:00:26,,,,,,,,,,,,
03/31/2025 05:23,03/31/2025 05:23,XAUUSD,Sell,1.820,0.00000,0.00000,3105.92000,3102.45000,-9.1000,0.0000,347.0,573.57,1.43,00:00:00:58,,,,,,,,,,,,
03/31/2025 05:22,03/31/2025 05:23,XAUUSD,Sell,1.820,0.00000,0.00000,3101.59000,3102.46000,-9.1000,0.0000,-87.0,-155.20,-0.39,00:00:01:58,,,,,,,,,,,,
03/27/2025 13:17,03/27/2025 13:20,XAUUSD,Sell,1.820,0.00000,0.00000,3049.47000,3047.96000,-9.1000,0.0000,151.0,246.10,0.62,00:00:03:58,,,,,,,,,,,,
03/27/2025 13:16,03/27/2025 13:20,XAUUSD,Sell,1.820,0.00000,0.00000,3047.10000,3047.95000,-9.1000,0.0000,-85.0,-152.78,-0.38,00:00:04:58,,,,,,,,,,,,
03/27/2025 13:13,03/27/2025 13:20,XAUUSD,Sell,1.820,0.00000,0.00000,3046.47000,3047.95000,-9.1000,0.0000,-148.0,-259.27,-0.64,00:00:07:58,,,,,,,,,,,,
03/27/2025 13:20,03/27/2025 13:20,XAUUSD,Sell,1.820,0.00000,0.00000,3049.79000,3047.98000,-9.1000,0.0000,181.0,296.81,0.74,00:00:00:57,,,,,,,,,,,,
03/27/2025 07:29,03/27/2025 07:39,XAUUSD,Sell,1.700,0.00000,0.00000,3036.30000,3036.45000,-8.5000,0.0000,-15.0,-32.15,-0.08,00:00:10:31,,,,,,,,,,,,
03/27/2025 07:28,03/27/2025 07:39,XAUUSD,Sell,1.700,0.00000,0.00000,3036.03000,3036.44000,-8.5000,0.0000,-41.0,-73.14,-0.18,00:00:11:31,,,,,,,,,,,,
03/27/2025 07:37,03/27/2025 07:39,XAUUSD,Sell,1.700,0.00000,0.00000,3038.36000,3036.48000,-8.5000,0.0000,188.0,287.86,0.72,00:00:02:30,,,,,,,,,,,,
03/27/2025 07:34,03/27/2025 07:39,XAUUSD,Sell,1.700,0.00000,0.00000,3037.36000,3036.46000,-8.5000,0.0000,90.0,133.38,0.34,00:00:05:30,,,,,,,,,,,,
03/27/2025 07:30,03/27/2025 07:39,XAUUSD,Sell,1.700,0.00000,0.00000,3037.20000,3036.48000,-8.5000,0.0000,72.0,105.00,0.27,00:00:09:30,,,,,,,,,,,,
03/26/2025 06:42,03/26/2025 06:42,XAUUSD,Buy,1.700,0.00000,0.00000,3017.12000,3018.33000,-8.5000,0.0000,121.0,182.11,0.46,00:00:00:44,,,,,,,,,,,,
03/26/2025 06:41,03/26/2025 06:42,XAUUSD,Buy,1.700,0.00000,0.00000,3017.52000,3018.33000,-8.5000,0.0000,81.0,119.10,0.30,00:00:01:44,,,,,,,,,,,,
03/26/2025 06:40,03/26/2025 06:42,XAUUSD,Buy,1.700,0.00000,0.00000,3017.75000,3018.27000,-8.5000,0.0000,52.0,73.41,0.19,00:00:02:44,,,,,,,,,,,,
03/24/2025 03:57,03/24/2025 03:58,XAUUSD,Buy,1.700,0.00000,0.00000,3017.38000,3018.89000,-8.5000,0.0000,151.0,228.36,0.59,00:00:01:47,,,,,,,,,,,,
03/24/2025 03:56,03/24/2025 03:58,XAUUSD,Buy,1.700,0.00000,0.00000,3017.89000,3018.89000,-8.5000,0.0000,100.0,148.36,0.38,00:00:02:47,,,,,,,,,,,,
03/20/2025 13:31,03/20/2025 13:33,XAUUSD,Buy,1.700,0.00000,0.00000,3028.85000,3028.99000,-8.5000,0.0000,14.0,13.45,0.03,00:00:02:01,,,,,,,,,,,,
03/20/2025 13:32,03/20/2025 13:33,XAUUSD,Buy,1.700,0.00000,0.00000,3027.24000,3028.97000,-8.5000,0.0000,173.0,262.76,0.68,00:00:01:00,,,,,,,,,,,,
03/20/2025 07:45,03/20/2025 07:47,XAUUSD,Sell,1.700,3056.05000,0.00000,3056.89000,3056.12000,-8.5000,0.0000,77.0,111.53,0.29,00:00:02:41,,,,,,,,,,,,
03/19/2025 06:53,03/19/2025 06:59,XAUUSD,Sell,1.700,0.00000,0.00000,3037.13000,3036.96000,-8.5000,0.0000,17.0,17.92,0.05,00:00:06:43,,,,,,,,,,,,
03/19/2025 06:52,03/19/2025 06:59,XAUUSD,Sell,1.700,0.00000,0.00000,3036.86000,3036.96000,-8.5000,0.0000,-10.0,-24.04,-0.06,00:00:07:43,,,,,,,,,,,,
03/19/2025 06:47,03/19/2025 06:59,XAUUSD,Sell,1.700,0.00000,0.00000,3036.59000,3036.97000,-8.5000,0.0000,-38.0,-67.56,-0.18,00:00:12:43,,,,,,,,,,,,
03/19/2025 06:56,03/19/2025 06:59,XAUUSD,Sell,1.700,0.00000,0.00000,3038.47000,3036.87000,-8.5000,0.0000,160.0,240.15,0.63,00:00:03:42,,,,,,,,,,,,
03/19/2025 06:55,03/19/2025 06:59,XAUUSD,Sell,1.700,0.00000,0.00000,3037.61000,3036.87000,-8.5000,0.0000,74.0,106.50,0.28,00:00:04:42,,,,,,,,,,,,
03/19/2025 06:54,03/19/2025 06:59,XAUUSD,Sell,1.700,0.00000,0.00000,3037.42000,3036.87000,-8.5000,0.0000,55.0,76.97,0.20,00:00:05:42,,,,,,,,,,,,
03/18/2025 11:32,03/18/2025 11:35,XAUUSD,Sell,1.700,3025.72000,0.00000,3026.88000,3025.72000,-8.5000,0.0000,116.0,171.53,0.45,00:00:03:56,,,,,,,,,,,,
03/13/2025 11:33,03/13/2025 11:40,XAUUSD,Sell,1.700,0.00000,0.00000,2943.61000,2943.44000,-8.5000,0.0000,17.0,18.06,0.05,00:00:07:14,,,,,,,,,,,,
03/13/2025 11:38,03/13/2025 11:40,XAUUSD,Sell,1.700,0.00000,0.00000,2944.74000,2943.21000,-8.5000,0.0000,153.0,230.54,0.61,00:00:02:13,,,,,,,,,,,,
03/13/2025 11:35,03/13/2025 11:40,XAUUSD,Sell,1.700,0.00000,0.00000,2943.84000,2943.28000,-8.5000,0.0000,56.0,78.99,0.21,00:00:05:13,,,,,,,,,,,,
03/12/2025 11:53,03/12/2025 11:54,XAUUSD,Sell,1.700,0.00000,0.00000,2920.95000,2919.85000,-8.5000,0.0000,110.0,162.79,0.43,00:00:01:35,,,,,,,,,,,,
03/12/2025 11:52,03/12/2025 11:54,XAUUSD,Sell,1.700,0.00000,0.00000,2920.74000,2919.84000,-8.5000,0.0000,90.0,131.65,0.35,00:00:02:35,,,,,,,,,,,,
03/12/2025 11:50,03/12/2025 11:54,XAUUSD,Sell,1.700,0.00000,0.00000,2920.22000,2919.85000,-8.5000,0.0000,37.0,49.12,0.13,00:00:04:35,,,,,,,,,,,,
03/11/2025 11:31,03/11/2025 11:34,XAUUSD,Sell,1.700,2907.59000,0.00000,2907.97000,2907.63000,-8.5000,0.0000,34.0,44.53,0.12,00:00:03:41,,,,,,,,,,,,
03/06/2025 04:05,03/06/2025 04:11,XAUUSD,Sell,1.660,0.00000,0.00000,2926.15000,2925.53000,-8.3000,0.0000,62.0,86.89,0.23,00:00:06:00,,,,,,,,,,,,
03/05/2025 08:00,03/05/2025 08:03,XAUUSD,Sell,1.660,0.00000,0.00000,2918.69000,2917.83000,-8.3000,0.0000,86.0,125.96,0.34,00:00:03:55,,,,,,,,,,,,
03/05/2025 07:59,03/05/2025 08:03,XAUUSD,Sell,1.660,0.00000,0.00000,2918.32000,2917.74000,-8.3000,0.0000,58.0,82.24,0.22,00:00:04:55,,,,,,,,,,,,
03/05/2025 08:02,03/05/2025 08:03,XAUUSD,Sell,1.660,0.00000,0.00000,2918.97000,2917.79000,-8.3000,0.0000,118.0,175.91,0.48,00:00:01:54,,,,,,,,,,,,
03/04/2025 09:28,03/04/2025 09:33,XAUUSD,Sell,1.660,0.00000,0.00000,2899.91000,2897.59000,-8.3000,0.0000,232.0,358.90,0.99,00:00:05:42,,,,,,,,,,,,
02/27/2025 07:02,02/27/2025 07:04,XAUUSD,Buy,1.640,0.00000,0.00000,2895.77000,2896.06000,-8.2000,0.0000,29.0,37.24,0.10,00:00:02:52,,,,,,,,,,,,
02/27/2025 07:04,02/27/2025 07:04,XAUUSD,Buy,1.640,0.00000,0.00000,2894.18000,2896.06000,-8.2000,0.0000,188.0,286.40,0.79,00:00:00:51,,,,,,,,,,,,
02/27/2025 07:03,02/27/2025 07:04,XAUUSD,Buy,1.640,0.00000,0.00000,2895.41000,2896.05000,-8.2000,0.0000,64.0,92.09,0.26,00:00:01:51,,,,,,,,,,,,
02/26/2025 16:14,02/26/2025 16:14,XAUUSD,Buy,1.640,0.00000,0.00000,2893.20000,2896.20000,-8.2000,0.0000,300.0,460.94,1.30,00:00:00:33,,,,,,,,,,,,
02/26/2025 16:12,02/26/2025 16:14,XAUUSD,Buy,1.640,0.00000,0.00000,2893.60000,2896.06000,-8.2000,0.0000,246.0,376.50,1.07,00:00:02:33,,,,,,,,,,,,
02/26/2025 16:11,02/26/2025 16:14,XAUUSD,Buy,1.640,0.00000,0.00000,2898.54000,2896.05000,-8.2000,0.0000,-249.0,-397.63,-1.12,00:00:03:33,,,,,,,,,,,,
02/24/2025 03:21,02/24/2025 03:21,XAUUSD,Buy,1.640,0.00000,0.00000,2922.79000,2924.20000,-8.2000,0.0000,141.0,211.79,0.60,00:00:00:34,,,,,,,,,,,,
02/24/2025 03:20,02/24/2025 03:21,XAUUSD,Buy,1.640,0.00000,0.00000,2923.32000,2924.20000,-8.2000,0.0000,88.0,129.10,0.37,00:00:01:34,,,,,,,,,,,,
02/20/2025 08:00,02/20/2025 08:09,XAUUSD,Sell,1.500,2945.77000,0.00000,2946.87000,2945.79000,-7.5000,0.0000,108.0,147.80,0.42,00:00:09:55,,,,,,,,,,,,
02/20/2025 07:59,02/20/2025 08:09,XAUUSD,Sell,1.500,2945.77000,0.00000,2946.40000,2945.79000,-7.5000,0.0000,61.0,80.21,0.23,00:00:10:55,,,,,,,,,,,,
02/19/2025 03:53,02/19/2025 04:02,XAUUSD,Sell,1.500,0.00000,0.00000,2938.54000,2937.68000,-7.5000,0.0000,86.0,115.98,0.33,00:00:09:22,,,,,,,,,,,,
02/19/2025 03:51,02/19/2025 04:02,XAUUSD,Sell,1.500,0.00000,0.00000,2938.35000,2937.67000,-7.5000,0.0000,68.0,90.14,0.26,00:00:11:22,,,,,,,,,,,,
02/19/2025 03:57,02/19/2025 04:02,XAUUSD,Sell,1.500,0.00000,0.00000,2938.92000,2937.70000,-7.5000,0.0000,122.0,167.67,0.48,00:00:05:21,,,,,,,,,,,,
02/17/2025 08:30,02/17/2025 08:34,XAUUSD,Buy,1.500,0.00000,0.00000,2889.88000,2892.29000,-7.5000,0.0000,241.0,337.05,0.98,00:00:04:28,,,,,,,,,,,,
02/13/2025 05:47,02/13/2025 05:49,XAUUSD,Sell,1.500,2916.91000,0.00000,2917.64000,2917.05000,-7.5000,0.0000,59.0,77.43,0.23,00:00:02:33,,,,,,,,,,,,
02/13/2025 05:47,02/13/2025 05:49,XAUUSD,Sell,1.500,2916.91000,0.00000,2917.64000,2917.05000,-7.5000,0.0000,59.0,77.43,0.23,00:00:02:33,,,,,,,,,,,,
02/12/2025 02:54,02/12/2025 02:58,XAUUSD,Buy,1.500,0.00000,0.00000,2889.91000,2892.29000,-7.5000,0.0000,238.0,337.15,1.00,00:00:04:03,,,,,,,,,,,,
02/11/2025 08:07,02/11/2025 08:12,XAUUSD,Sell,1.500,0.00000,0.00000,2928.89000,2926.59000,-7.5000,0.0000,230.0,327.27,0.98,00:00:05:15,,,,,,,,,,,,
02/10/2025 08:47,02/10/2025 08:50,XAUUSD,Sell,1.500,0.00000,0.00000,2887.83000,2888.01000,-7.5000,0.0000,-18.0,-33.67,-0.10,00:00:03:26,,,,,,,,,,,,
02/10/2025 08:45,02/10/2025 08:50,XAUUSD,Sell,1.500,0.00000,0.00000,2885.92000,2888.01000,-7.5000,0.0000,-209.0,-311.34,-0.92,00:00:05:26,,,,,,,,,,,,
02/10/2025 08:49,02/10/2025 08:50,XAUUSD,Sell,1.500,0.00000,0.00000,2891.21000,2888.04000,-7.5000,0.0000,317.0,453.29,1.36,00:00:01:25,,,,,,,,,,,,
02/10/2025 08:48,02/10/2025 08:50,XAUUSD,Sell,1.500,0.00000,0.00000,2889.27000,2888.01000,-7.5000,0.0000,126.0,175.65,0.53,00:00:02:25,,,,,,,,,,,,
02/05/2025 10:45,02/05/2025 10:45,XAUUSD,Sell,1.500,0.00000,0.00000,2869.55000,2868.97000,-7.5000,0.0000,58.0,76.13,0.23,00:00:00:10,,,,,,,,,,,,
02/05/2025 10:44,02/05/2025 10:45,XAUUSD,Sell,1.500,0.00000,0.00000,2869.18000,2868.99000,-7.5000,0.0000,19.0,19.89,0.06,00:00:01:10,,,,,,,,,,,,
02/05/2025 02:36,02/05/2025 02:40,XAUUSD,Sell,1.500,2846.21000,0.00000,2847.97000,2846.26000,-7.5000,0.0000,171.0,239.61,0.73,00:00:04:04,,,,,,,,,,,,
02/03/2025 16:51,02/03/2025 16:52,XAUUSD,Sell,1.500,0.00000,0.00000,2828.71000,2825.63000,-7.5000,0.0000,308.0,443.16,1.37,00:00:01:19,,,,,,,,,,,,
02/03/2025 16:50,02/03/2025 16:52,XAUUSD,Sell,1.500,0.00000,0.00000,2826.14000,2825.70000,-7.5000,0.0000,44.0,56.88,0.18,00:00:02:19,,,,,,,,,,,,
02/03/2025 16:49,02/03/2025 16:52,XAUUSD,Sell,1.500,0.00000,0.00000,2824.38000,2825.72000,-7.5000,0.0000,-134.0,-203.59,-0.63,00:00:03:19,,,,,,,,,,,,
01/30/2025 10:33,01/30/2025 10:42,XAUUSD,Sell,1.460,2772.59000,0.00000,2773.46000,2772.68000,-7.3000,0.0000,78.0,101.97,0.31,00:00:09:16,,,,,,,,,,,,
01/30/2025 10:29,01/30/2025 10:42,XAUUSD,Sell,1.460,2772.59000,0.00000,2772.95000,2772.68000,-7.3000,0.0000,27.0,30.52,0.09,00:00:13:16,,,,,,,,,,,,
01/27/2025 04:22,01/27/2025 04:27,XAUUSD,Buy,1.460,0.00000,0.00000,2755.34000,2756.56000,-7.3000,0.0000,122.0,162.95,0.51,00:00:05:32,,,,,,,,,,,,
01/27/2025 04:21,01/27/2025 04:27,XAUUSD,Buy,1.460,0.00000,0.00000,2756.21000,2756.48000,-7.3000,0.0000,27.0,30.38,0.09,00:00:06:32,,,,,,,,,,,,
01/27/2025 04:19,01/27/2025 04:27,XAUUSD,Buy,1.460,0.00000,0.00000,2757.09000,2756.50000,-7.3000,0.0000,-59.0,-89.64,-0.28,00:00:08:32,,,,,,,,,,,,
01/27/2025 04:18,01/27/2025 04:27,XAUUSD,Buy,1.460,0.00000,0.00000,2757.61000,2756.51000,-7.3000,0.0000,-110.0,-160.82,-0.50,00:00:09:32,,,,,,,,,,,,
01/27/2025 04:23,01/27/2025 04:27,XAUUSD,Buy,1.460,0.00000,0.00000,2754.76000,2756.68000,-7.3000,0.0000,192.0,260.64,0.81,00:00:04:31,,,,,,,,,,,,
01/23/2025 11:37,01/23/2025 11:38,XAUUSD,Buy,1.360,0.00000,0.00000,2741.13000,2742.67000,-6.8000,0.0000,154.0,194.40,0.61,00:00:01:14,,,,,,,,,,,,
01/23/2025 11:36,01/23/2025 11:38,XAUUSD,Buy,1.360,0.00000,0.00000,2741.67000,2742.67000,-6.8000,0.0000,100.0,123.85,0.39,00:00:02:14,,,,,,,,,,,,
01/22/2025 11:30,01/22/2025 11:35,XAUUSD,Sell,1.360,2760.67000,0.00000,2761.69000,2760.67000,-6.8000,0.0000,102.0,126.19,0.40,00:00:05:41,,,,,,,,,,,,
01/22/2025 02:58,01/22/2025 03:01,XAUUSD,Sell,1.360,2747.65000,0.00000,2748.84000,2747.72000,-6.8000,0.0000,112.0,139.41,0.44,00:00:03:00,,,,,,,,,,,,
01/16/2025 10:26,01/16/2025 10:27,XAUUSD,Sell,1.360,2702.04000,0.00000,2703.26000,2702.05000,-6.8000,0.0000,121.0,153.05,0.49,00:00:01:04,,,,,,,,,,,,
01/15/2025 08:23,01/15/2025 08:51,XAUUSD,Sell,1.360,0.00000,0.00000,2681.99000,2681.39000,-6.8000,0.0000,60.0,72.45,0.23,00:00:28:52,,,,,,,,,,,,
01/15/2025 08:12,01/15/2025 08:51,XAUUSD,Sell,1.360,0.00000,0.00000,2681.68000,2681.39000,-6.8000,0.0000,29.0,31.50,0.10,00:00:39:52,,,,,,,,,,,,
01/15/2025 08:11,01/15/2025 08:51,XAUUSD,Sell,1.360,0.00000,0.00000,2680.50000,2681.37000,-6.8000,0.0000,-87.0,-121.73,-0.39,00:00:40:52,,,,,,,,,,,,
01/15/2025 08:44,01/15/2025 08:51,XAUUSD,Sell,1.360,0.00000,0.00000,2682.96000,2681.39000,-6.8000,0.0000,157.0,200.57,0.64,00:00:07:51,,,,,,,,,,,,
01/15/2025 08:24,01/15/2025 08:51,XAUUSD,Sell,1.360,0.00000,0.00000,2682.53000,2681.39000,-6.8000,0.0000,114.0,143.78,0.46,00:00:27:51,,,,,,,,,,,,
01/09/2025 08:58,01/09/2025 09:06,XAUUSD,Sell,1.360,0.00000,0.00000,2665.97000,2665.16000,-6.8000,0.0000,81.0,100.10,0.32,00:00:08:22,,,,,,,,,,,,
01/09/2025 08:48,01/09/2025 09:06,XAUUSD,Sell,1.360,0.00000,0.00000,2665.55000,2665.17000,-6.8000,0.0000,38.0,43.35,0.14,00:00:18:22,,,,,,,,,,,,
01/09/2025 08:47,01/09/2025 09:06,XAUUSD,Sell,1.360,0.00000,0.00000,2664.85000,2665.17000,-6.8000,0.0000,-32.0,-49.04,-0.16,00:00:19:22,,,,,,,,,,,,
01/09/2025 08:59,01/09/2025 09:06,XAUUSD,Sell,1.360,0.00000,0.00000,2666.69000,2665.17000,-6.8000,0.0000,152.0,193.80,0.63,00:00:07:21,,,,,,,,,,,,
01/07/2025 08:09,01/07/2025 08:20,XAUUSD,Sell,1.360,2645.41000,0.00000,2646.31000,2645.47000,-6.8000,0.0000,84.0,103.00,0.34,00:00:11:27,,,,,,,,,,,,
01/07/2025 08:08,01/07/2025 08:20,XAUUSD,Sell,1.360,2645.41000,0.00000,2645.85000,2645.45000,-6.8000,0.0000,40.0,45.49,0.15,00:00:12:27,,,,,,,,,,,,
12/31/2024 10:08,12/31/2024 10:18,XAUUSD,Sell,1.360,2613.81000,0.00000,2614.66000,2613.88000,-6.8000,0.0000,78.0,95.12,0.31,00:00:10:18,,,,,,,,,,,,
12/26/2024 03:36,12/26/2024 03:44,XAUUSD,Sell,1.360,2626.64000,0.00000,2627.55000,2626.65000,-6.8000,0.0000,90.0,110.89,0.36,00:00:08:31,,,,,,,,,,,,
12/26/2024 03:35,12/26/2024 03:44,XAUUSD,Sell,1.360,2626.64000,0.00000,2627.29000,2626.65000,-6.8000,0.0000,64.0,76.89,0.25,00:00:09:32,,,,,,,,,,,,
12/20/2024 16:28,,,Withdrawal,0.000,0.00000,0.00000,0.00000,0.00000,0.0000,0.0000,0.0,-50.00,0,00:00:00:00,,,,,,,,,,,,
12/20/2024 16:27,,,Deposit,0.000,0.00000,0.00000,0.00000,0.00000,0.0000,0.0000,0.0,10000.00,0,00:00:00:00,,,,,,,,,,,,
12/19/2024 14:53,12/19/2024 14:57,XAUUSD,Buy,0.900,0.00000,0.00000,2606.26000,2606.30000,-4.5000,0.0000,4.0,-1.04,-0.01,00:00:04:02,,,,,,,,,,,,
12/19/2024 14:56,12/19/2024 14:57,XAUUSD,Buy,0.900,0.00000,0.00000,2604.76000,2606.30000,-4.5000,0.0000,154.0,128.84,0.63,00:00:01:01,,,,,,,,,,,,
12/19/2024 14:55,12/19/2024 14:57,XAUUSD,Buy,0.900,0.00000,0.00000,2605.24000,2606.31000,-4.5000,0.0000,107.0,88.15,0.44,00:00:02:01,,,,,,,,,,,,
12/18/2024 22:00,12/18/2024 22:00,XAUUSD,Buy,0.900,0.00000,0.00000,2604.66000,2606.33000,-4.5000,0.0000,167.0,140.31,0.70,00:00:00:42,,,,,,,,,,,,
12/18/2024 21:58,12/18/2024 22:00,XAUUSD,Buy,0.900,0.00000,0.00000,2605.10000,2606.37000,-4.5000,0.0000,127.0,105.62,0.53,00:00:02:42,,,,,,,,,,,,
12/18/2024 21:57,12/18/2024 22:00,XAUUSD,Buy,0.900,0.00000,0.00000,2606.49000,2606.38000,-4.5000,0.0000,-11.0,-14.04,-0.07,00:00:03:42,,,,,,,,,,,,
12/16/2024 15:42,,,Deposit,0.000,0.00000,0.00000,0.00000,0.00000,0.0000,0.0000,0.0,10000.00,0,00:00:00:00,,,,,,,,,,,,
12/16/2024 15:39,,,Deposit,0.000,0.00000,0.00000,0.00000,0.00000,0.0000,0.0000,0.0,10000.00,0,00:00:00:00,,,,,,,,,,,,

